nome;colecao;arte;foil;lingua;quantidade;valor
Rashmi and Ragavan;March of the Machines: Commander (MOC);https://repositorio.sbrauble.com/arquivos/in/magic/480190/642dc935367bd-6wr1c-hdl3y-1546885790642dc93536807.jpg;não;pt;1;R$ 1.80
Zimone and Dina;March of the Machines(MOM);https://repositorio.sbrauble.com/arquivos/in/magic/480189/642b1654c8f9b-8nl7i-gkwn2-1145332643642b1654c8fe3.jpg;não;pt;1;R$ 2.00
King Darien XLVIII;Dominaria United(DMU);https://repositorio.sbrauble.com/arquivos/in/magic/479947/630660d57d3aa-tg45c-h87te-1234371610630660d57d3ef.jpg;não;pt;1;R$ 0.90
Squee, Dubious Monarch;Dominaria United(DMU);https://repositorio.sbrauble.com/arquivos/in/magic/479947/62ffc8f03d899-lyrkx-74cj6-64559549462ffc8f03d8d8.jpg;não;pt;1;R$ 6.00
Kenrith, the Returned King;Multiverse Lengends(MUL);https://repositorio.sbrauble.com/arquivos/in/magic/480191/642dea71b36b5-f72mq-qfogt-434275367642dea71b36f8.jpg;não;pt;1;R$ 4.70
Karplusan Forest;Dominaria United(DMU);https://repositorio.sbrauble.com/arquivos/in/magic/479947/62ffc8c05b840-r7j2k-bscm6-101971762462ffc8c05b87f.jpg;não;pt;1;R$ 13.00
Temple of Abandon;Fondations(SFPIP);https://repositorio.sbrauble.com/arquivos/in/magic/480609/6720003e0f288-9btes-2v5cx-a47573e568e5a8d320ab76d2ae0188c6.jpg;não;en;1;R$ 1.00
Etali, Primal Conqueror;March of the Machines(MOM);https://repositorio.sbrauble.com/arquivos/in/magic/480189/6424af2d40ef0-eitrc-dv0h3-8243217216424af2d40f30.jpg;nãp;pt;1;R$ 84.00
Sheoldred, the Apocalypse;Dominaria United(PDMU);https://repositorio.sbrauble.com/arquivos/in/magic/480014/6303d79ddfba4-klwu1-hikpm-1329873336303d79ddfbe4.jpg;não;n/a;1;R$ 467.50
Felidar Retreat;Fondations(SCFDN);https://repositorio.sbrauble.com/arquivos/in/magic/480609/6721687639387-cj0hr-8fazh-a47573e568e5a8d320ab76d2ae0188c6.jpg;não;en;1;R$ 5.95
Gilded Lotus;Fondations(SCFDN);https://repositorio.sbrauble.com/arquivos/in/magic/480609/67200020bad60-z291b-m6i9g-a47573e568e5a8d320ab76d2ae0188c6.jpg;sim;en;1;R$ 8.00
Sarkhan the Masterless;Command Masters(CMM);https://repositorio.sbrauble.com/arquivos/in/magic/480263/64b803603d650-u1gzi-buasc-205489612464b803603d68f.jpg;não;en;1;R$ 0.95
Rona, Herald of Invasion;March of the Machines(BFMOM);https://repositorio.sbrauble.com/arquivos/in/magic/480205/642de588599ee-o16m7-dirwn-210797236642de58859a37.jpg;sim;pt;1;R$ 14.75
Ertai Resurrected;Dominaria United(SGDMU);https://repositorio.sbrauble.com/arquivos/in/magic/480032/6309fe4bcf668-ly9u2-p7etz-19789767416309fe4bcf6a9.jpg;sim;pt;1;R$ 7.40
Azami, Lady of Scrolls;Command Masters(BPCMM);https://repositorio.sbrauble.com/arquivos/in/magic/480265/64b1c8090c182-8ywpa-pc8uo-207056087764b1c8090c1c2.jpg;não;en;1;R$ 3.90
Sheoldred ;March of the Machines(MOM);https://repositorio.sbrauble.com/arquivos/in/magic/480189/642b1a5c8f0fb-ysht8-w8l4z-1245154314642b1a5c8f146.jpg;não;pt;1;R$ 69.30
Invasion of Fiora;March of the Machines(MOM);https://repositorio.sbrauble.com/arquivos/in/magic/480189/6424af351f099-ohxmv-82q16-8382655446424af351f0de.jpg;não;pt;1;R$ 3.15
Urabrask the Hidden;Iconic Masters(IMA);https://repositorio.sbrauble.com/arquivos/in/magic/380789/5f4244144d49b-x4mpak-cmd4bo-37a749d808e46495a8da1e5352d03cae.jpg;não;en;1;R$ 8.50
Shivan Devastator;Dominaria United(DMU);https://repositorio.sbrauble.com/arquivos/in/magic/479947/62ffc8e237458-5hak4-3hwq5-47919411762ffc8e237495.jpg;não ;pt;1;R$ 12.60
Kroxa, Titan of Death's Hunger;Multiverse Lengends(MUL);https://repositorio.sbrauble.com/arquivos/in/magic/480191/64259ce85c546-r2lk1-lmgpq-184582878864259ce85c58e.jpg;não;pt;1;R$ 19.00
Inferno of the Star Mounts;Adventures in the Forgotten Realms (AFR);https://repositorio.sbrauble.com/arquivos/in/magic/479855/60e4ada1535d6-zmld7-uehp3-49660419760e4ada153635.jpg;sim;en;1;R$ 22.50
Acererak the Archlich;Adventures in the Forgotten Realms (CBAFR);https://repositorio.sbrauble.com/arquivos/in/magic/479856/60e4bfab38187-r6ouv-zt7d2-40181664560e4bfab381d1.jpg;sim;en;1;R$ 119.60
Nautiloid Ship;Commander Legends(CLBLC);https://repositorio.sbrauble.com/arquivos/in/magic/479913/628cc0c4af72c-zcypb-lbv4r-958520108628cc0c4af775.jpg;não;en;2;R$ 29.90
Treasure Chest;Adventures in the Forgotten Realms (CBAFR);https://repositorio.sbrauble.com/arquivos/in/magic/479857/60df3ac6716a0-a2isf-p69zr-170327963860df3ac6716fb.jpg;sim;en;1;R$ 6.00
Tyrannical Pitlord;Dominaria United(DMU);https://repositorio.sbrauble.com/arquivos/in/magic/479947/62ffed79213e3-yiftm-cobhj-40317369862ffed7921429.jpg;sim;pt;1;R$ 2.90
Altar of Bhaal;Commander Legends(CLB);https://repositorio.sbrauble.com/arquivos/in/magic/479911/628f9e4f13b57-ri9z4-tm9ks-1860302734628f9e4f13b99.jpg;sim;en;1;R$ 2.00
Defiler of Instinct;Dominaria United(DMU);https://repositorio.sbrauble.com/arquivos/in/magic/479947/6309f94e147cc-7dksw-4uchs-3565057976309f94e1480c.jpg;sim;pt;1;R$ 2.85
Zirda, the Dawnwaker;Multiverse Lengends(MUL);https://repositorio.sbrauble.com/arquivos/in/magic/480191/642dea99c2505-pxlc5-kem5s-876123991642dea99c2545.jpg;não;pt;1;R$ 2.60
Yorion, Sky Nomad;Multiverse Lengends(MUL);https://repositorio.sbrauble.com/arquivos/in/magic/480191/642dea97d4cb4-kvlm7-vb17t-764105026642dea97d4cf6.jpg;não;pt;1;R$ 4.10
Atris, Oracle of Half-Truths;Multiverse Lengends(MUL);https://repositorio.sbrauble.com/arquivos/in/magic/480191/642dea4285b2d-lxmcn-63rxt-489398136642dea4285b75.jpg;sim;pt;1;R$ 0.90
Empress Galina;Invasion(IL);https://repositorio.sbrauble.com/arquivos/in/magic/315/5f4243bb767e5-10nb58-irzwje-a684eceee76fc522773286a895bc8436.jpg;não;en;1;R$ 27.84
Step Between Worlds;Outlaws of Thunder Junction(OTJ);https://repositorio.sbrauble.com/arquivos/in/magic/480447/66047ca08b968-7lmdh-eunao-8b7348065e7b65eeacb807363ff9592c.jpg;sim;en;1;R$ 1.20
Zimone, Paradox Sculptor;Fondations(FON);https://repositorio.sbrauble.com/arquivos/in/magic/480601/6725463dccac3-4w8xk-ialkc-f470ea843f79786b646179a35f39cf66.jpg;não;en;1;R$ 7.60
Baral, Chief of Compliance;Multiverse Lengends(MUL);https://repositorio.sbrauble.com/arquivos/in/magic/480191/642dea479c89c-xwte7-v5fzs-1865973237642dea479c8e0.jpg;não;pt;2;R$ 11.25
Myrkul, Lord of Bones;Commander Legends(FECLB);https://repositorio.sbrauble.com/arquivos/in/magic/479915/6286262ced9b4-n9er3-2tcb1-11810014406286262ceda01.jpg;sim;en;1;R$ 5.22
Duke Ulder Ravengard;Commander Legends(FECLB);https://repositorio.sbrauble.com/arquivos/in/magic/479915/62866f09af7b0-o12xc-bmwg8-12517019862866f09af7fa.jpg;sim;en;1;R$ 4.85
Kros, Defense Contractor;New Capena Commander(NCC);https://repositorio.sbrauble.com/arquivos/in/magic/479903/625f3f7982f11-bhgpu-lf9dv-235324450625f3f7982f60.jpg;não;en;1;R$ 1.00
Vizier of the Menagerie;Fondations(SCFDN);https://repositorio.sbrauble.com/arquivos/in/magic/480609/6721693ae1124-hkfvg-h0agi-a47573e568e5a8d320ab76d2ae0188c6.jpg;não;en;1;R$ 9.20
Tiamat;Adventures in the Forgotten Realms (AFR);https://repositorio.sbrauble.com/arquivos/in/magic/479855/60db56dbb204b-4vdp1-v0n5e-76688581760db56dbb20a7.jpg;não;en;2;R$ 40.00
Dihada, Binder of Wills;Dominaria United Commander(DMC);https://repositorio.sbrauble.com/arquivos/in/magic/479948/6303af306d387-swv4h-x7yhj-19778796416303af306d3cc.jpg;não;pt;1;R$ 81.50
Shanid, Sleepers' Scourge;Dominaria United Commander(DMC);https://repositorio.sbrauble.com/arquivos/in/magic/479948/6303afdb4a211-b1mka-5sy2e-8749345556303afdb4a24f.jpg;não;pt;2;R$ 5.80
Chandra, Flamecaller;Commander 2020(C20);https://repositorio.sbrauble.com/arquivos/in/magic/479796/5f42444294ff8-ci2zmq-qnbmp2-2b24d495052a8ce66358eb576b8912c8.jpg;não;en;2;R$ 3.00
Jodah, the Unifier;Dominaria United(SGDMU);https://repositorio.sbrauble.com/arquivos/in/magic/480032/63066c29a561c-vndox-wp1u2-74012923963066c29a565a.jpg;sim;pt;1;R$ 52.72
Mirror Mockery;Dragons of Tarkir(DTK);https://repositorio.sbrauble.com/arquivos/in/magic/19027/6311054d41f93-gct9z-yw9g1-17799799676311054d41fd2.jpg;sim;en;1;R$ 2.80
Gratuitous Violence;Fondations(SCFDN);https://repositorio.sbrauble.com/arquivos/in/magic/480609/67216893217f1-gf7i3-wdqhr-a47573e568e5a8d320ab76d2ae0188c6.jpg;sim;en;1;R$ 8.00
Adaptive Automaton;Fondations(SCFDN);https://repositorio.sbrauble.com/arquivos/in/magic/480609/67216827abb1b-jumic-g7osw-a47573e568e5a8d320ab76d2ae0188c6.jpg;sim;en;1;R$ 4.50
Gigantosaurus;Fondations(SCFDN);https://repositorio.sbrauble.com/arquivos/in/magic/480609/6721688db9f19-heazu-4tfs1-a47573e568e5a8d320ab76d2ae0188c6.jpg;sim;n/a;1;R$ 12.90
Rite of Replication;Fondations(SCFDN);https://repositorio.sbrauble.com/arquivos/in/magic/480609/6721690b3bbc0-rowvb-s8umd-a47573e568e5a8d320ab76d2ae0188c6.jpg;sim;en;1;R$ 8.55
Zevlor, Elturel Exile;Commander Legends(FECLB);https://repositorio.sbrauble.com/arquivos/in/magic/479915/62862653e5160-z752d-qbkvm-111800805762862653e51ab.jpg;sim;en;1;R$ 1.43
The Council of Four;Commander Legends(FECLB);https://repositorio.sbrauble.com/arquivos/in/magic/479915/628cc1d168aff-ihao2-yobsj-2121644598628cc1d168b49.jpg;sim;en;1;R$ 5.20
Massacre Wurm;Fondations(SCFDN);https://repositorio.sbrauble.com/arquivos/in/magic/480609/672168b20cc94-dsq9l-nejpi-a47573e568e5a8d320ab76d2ae0188c6.jpg;sim;en;1;R$ 11.50
Phyrexian Walker;Visions(VI);https://repositorio.sbrauble.com/arquivos/in/magic/221/5f42436537cfd-7iamvk-vt7z2x-3913e68ffd59a39a97130fdd7db76eb6.jpg;não;en;1;R$ 7.00
Ramos, Dragon Engine;Fondations(SCFDN);https://repositorio.sbrauble.com/arquivos/in/magic/480609/672168db2ff4a-xt62r-q6ib1-a47573e568e5a8d320ab76d2ae0188c6.jpg;não;en;1;R$ 12.80
Commodore Guff ;Command Masters(CMM);https://repositorio.sbrauble.com/arquivos/in/magic/480263/64aeff832047c-v812n-7c31f-111790855664aeff83204bb.jpg;sim;en;2;R$ 14.00
Tribute to the World Tree;March of the Machines(MOM);https://repositorio.sbrauble.com/arquivos/in/magic/480189/642741998f779-4g7ub-fvzyu-343332002642741998f7b9.jpg;sim;pt;1;R$ 48.00
Demonic Pact;Fondations(SCFDN);https://repositorio.sbrauble.com/arquivos/in/magic/480609/67200015e4833-fygo9-5qrti-a47573e568e5a8d320ab76d2ae0188c6.jpg;não;en;1;R$ 8.00
Horobi, Death's Wail;Multiverse Lengends(MUL);https://repositorio.sbrauble.com/arquivos/in/magic/480191/64259ce01823e-z6x8s-jtonx-186817814064259ce018286.jpg;não;pt;2;R$ 1.00
Rith, Liberated Primeval;Dominaria United(TFDMU);https://repositorio.sbrauble.com/arquivos/in/magic/480031/63079a243804a-uqc03-mipoc-50512993863079a243808a.jpg;não;pt;1;R$ 23.00
Jhoira, Ageless Innovator;Dominaria United(TFDMU);https://repositorio.sbrauble.com/arquivos/in/magic/480031/63021ba323dd4-uclay-8eq5n-138471451763021ba323e14.jpg;não;pt;3;R$ 1.00
Rith, Liberated Primeval;Dominaria United(DMU);https://repositorio.sbrauble.com/arquivos/in/magic/479947/630795e065987-4kl6o-we1uj-40450574630795e0659cb.jpg;não;pt;1;R$ 5.74
Invasion of Innistrad;March of the Machines(MOM);https://repositorio.sbrauble.com/arquivos/in/magic/480189/642b1a4a928ab-1mx9u-h3xpm-1705768992642b1a4a928fc.jpg;não;pt;1;R$ 7.00
The Deck of Many Things;Adventures in the Forgotten Realms (AFR);https://repositorio.sbrauble.com/arquivos/in/magic/479855/60df352ed5da0-g7ukb-o2sv4-25366675460df352ed5df3.jpg;não;en;1;R$ 13.50
Gale, Waterdeep Prodigy;Commander Legends(FECLB);https://repositorio.sbrauble.com/arquivos/in/magic/479915/62862602b4e1b-06a5o-3bkve-26549386462862602b4e64.jpg;sim;en;1;R$ 3.00
Seshiro the Anointed;The List(TL);https://repositorio.sbrauble.com/arquivos/in/magic/479828/620d285522ede-ysgtf-nb0qr-42586518620d285522f22.jpg;não;en;1;R$ 18.00
Elvish Champion;The List(TL);https://repositorio.sbrauble.com/arquivos/in/magic/479828/630d1de2a5a30-po5yl-fd3zr-1576545500630d1de2a5a7b.jpg;não;en;1;R$ 57.00
Heliod, the Radiant Dawn;March of the Machines(MOM);https://repositorio.sbrauble.com/arquivos/in/magic/480189/6424af3203ffa-1s7il-13z6o-12540716216424af320403f.jpg;sim;pt;1;R$ 5.12
Liliana of the Veil;Dominaria United(DMU);https://repositorio.sbrauble.com/arquivos/in/magic/479947/62ffc8c602ac1-lbndt-e2uv7-134167281462ffc8c602aff.jpg;não;pt;1;R$ 79.00
Ezuri, Claw of Progress ;Multiverse Lengends(MUL);https://repositorio.sbrauble.com/arquivos/in/magic/480191/642dea4e27ecb-id7uh-mjpq2-481841309642dea4e27f12.jpg;não;pt;2;R$ 1.98
Zurgo and Ojutai;March of the Machines(MOM);https://repositorio.sbrauble.com/arquivos/in/magic/480189/6424a59c58b3d-qpur8-g1upe-10500437086424a59c58b88.jpg;não;pt;2;R$ 3.78
Dovin, Grand Arbiter;Innistrad Crimson Vow Commander(VOC);https://repositorio.sbrauble.com/arquivos/in/magic/479879/618ac24d05e3d-quzty-pav4n-2026968687618ac24d05e85.jpg;não;en;1;R$ 1.50
Tasha, the Witch Queen;Commander Legends(CLB);https://repositorio.sbrauble.com/arquivos/in/magic/479911/62865f0789c2c-1em32-syw6v-194654336362865f0789c72.jpg;não ;en;1;R$ 15.30
Finale of Revelation;Fondations(SCFDN);https://repositorio.sbrauble.com/arquivos/in/magic/480609/67216879c9120-cs4ep-1u7kh-a47573e568e5a8d320ab76d2ae0188c6.jpg;não;en;1;R$ 2.40
Vraska the Unseen;Commanders 2019 (C19);https://repositorio.sbrauble.com/arquivos/in/magic/479772/5f4244369a7f8-t295c1-9vcplz-69adc1e107f7f7d035d7baf04342e1ca.jpg;não;en;1;R$ 3.00
Daretti, Scrap Savant;Commanders 2014 (C14);https://repositorio.sbrauble.com/arquivos/in/magic/118359/6267106fc2c6c-gukyc-chzym-7044935576267106fc2cb0.jpg;não;en;1;R$ 3.00
Samut, the Tested;Hour of Devastation(HOU);https://repositorio.sbrauble.com/arquivos/in/magic/176324/625180c21d31e-qtx0k-s576c-1265647263625180c21d355.jpg;não;pt;1;R$ 1.00
Dragonmaster Outcast;Fondations(SCFDN);https://repositorio.sbrauble.com/arquivos/in/magic/480609/672168636ae15-2u7pd-qtu8a-a47573e568e5a8d320ab76d2ae0188c6.jpg;não;en;1;R$ 2.50
Greensleeves, Maro-Sorcerer;Dominaria United Commander(DMC);https://repositorio.sbrauble.com/arquivos/in/magic/479948/6308e60511b9b-id8sw-gju6y-3378080376308e60511bda.jpg;não;pt;1;R$ 38.95
Gideon, Champion of Justice;Commanders 2021 (C21);https://repositorio.sbrauble.com/arquivos/in/magic/479845/607076b1f0831-rt10u-xoh4p-549589091607076b1f0881.jpg;não ;pt;2;R$ 1.60
Demon of Death's Gate;The List(TL);https://repositorio.sbrauble.com/arquivos/in/magic/479828/62a11a4e524df-b1jf5-mvp0k-159255031762a11a4e52528.jpg;não;en;1;R$ 10.80
Jaya, Fiery Negotiator;Dominaria United(DMU);https://repositorio.sbrauble.com/arquivos/in/magic/479947/62ffc8b7d5b46-x43ty-31zl0-189660494862ffc8b7d5b84.jpg;não;pt;1;R$ 2.88
Battle Angels of Tyr;Commander Legends(CLB);https://repositorio.sbrauble.com/arquivos/in/magic/479911/62851713c2714-t195x-r2q0z-14854322862851713c275e.jpg;não ;en;1;R$ 64.80
The Lady of Otaria ;Dominaria United Commander(DMC);https://repositorio.sbrauble.com/arquivos/in/magic/479948/6303b0070415b-fwegp-j8qkv-12633379746303b0070419c.jpg;sim;pt;1;R$ 1.88
Invasion of Ravnica;March of the Machines(MOM);https://repositorio.sbrauble.com/arquivos/in/magic/480189/6424af382d11f-oyp5s-d0n83-4625460036424af382d165.jpg;não;pt;1;R$ 1.00
Pyromancer's Goggles;Fondations(SCFDN);https://repositorio.sbrauble.com/arquivos/in/magic/480609/6720003754ae7-irhmo-oylsp-a47573e568e5a8d320ab76d2ae0188c6.jpg;não;en;1;R$ 4.45
Legacy Weapon;The List(TL);https://repositorio.sbrauble.com/arquivos/in/magic/479828/630d1e194e944-j81fu-hy8bu-800373793630d1e194e98d.jpg;não;en;1;R$ 2.38
Ayara, Widow of the Realm;March of the Machines(BFMOM);https://repositorio.sbrauble.com/arquivos/in/magic/480205/642b22216ddba-zf182-jgpt3-363694079642b22216ddf9.jpg;não ;pt;1;R$ 1.80
Kroxa and Kunoros;March of the Machines(BFMOM);https://repositorio.sbrauble.com/arquivos/in/magic/480205/642de4e788d08-rlwuj-nl6ke-1465660424642de4e788d4a.jpg;não;pt;1;R$ 4.00
Elenda and Azor;March of the Machines Commander(MOC);https://repositorio.sbrauble.com/arquivos/in/magic/480190/642dc83dedef8-rb15z-dcenu-1540857506642dc83dedf47.jpg;não;pt;1;R$ 3.33
Obosh, the Preypiercer;Multiverse Lengends(MUL);https://repositorio.sbrauble.com/arquivos/in/magic/480191/642dea7dd4062-574pj-g8ifb-1570750074642dea7dd40bc.jpg;não;pt;1;R$ 0.90
Emry, Lurker of the Loch;Multiverse Lengends(MUL);https://repositorio.sbrauble.com/arquivos/in/magic/480191/64259cde71079-vpsx1-lsd3a-60544152464259cde710b9.jpg;não;pt;1;R$ 6.00
Grim Hireling;Forgotten Realms Commander (CBAFC) ;https://repositorio.sbrauble.com/arquivos/in/magic/479863/60ec7102aab63-pkma9-e19w7-24184832560ec7102aaba8.jpg;não ;en;1;R$ 117.81
Outlaws' Merriment;Throne of Eldraine(EDL);https://repositorio.sbrauble.com/arquivos/in/magic/479771/5f42443113dbf-rd45gm-7azyuw-0e65972dce68dad4d52d063967f0a705.jpg;não;en;1;R$ 1.10
Cultist of the Absolute;Commander Legends(CLB);https://repositorio.sbrauble.com/arquivos/in/magic/479915/628625f93ae8b-62cvx-v3ld9-131882059628625f93aee2.jpg;não;en;1;R$ 1.00
Invasion of Gobakhan;March of the Machines(MOM);https://repositorio.sbrauble.com/arquivos/in/magic/480189/642c8e023c2d8-8lar0-qe6gd-5369673642c8e023c319.jpg;não;pt;2;R$ 28.80
Wand of Wonder;Commander Legends(CLB);https://repositorio.sbrauble.com/arquivos/in/magic/479916/628523ad50bed-j5mif-5vtlp-1086340126628523ad50c50.jpg;sim;en;1;R$ 2.50
Claim Jumper;Outlaws of Thunder Junction(OTJ);https://repositorio.sbrauble.com/arquivos/in/magic/480447/660b117bad26e-2me1c-0j9lk-8b7348065e7b65eeacb807363ff9592c.jpg;sim;en;1;R$ 4.75
Breeches, the Blastmaker;Outlaws ofTthunder Junction(WPOTJ);https://repositorio.sbrauble.com/arquivos/in/magic/480456/660b160e5d54b-82ufj-53vo0-ccbbc2f57de7b9e1a79f597ed5908816.jpg;não;en;1;R$ 1.75
Contagion Engine;Breaking News(OTP);https://repositorio.sbrauble.com/arquivos/in/magic/480450/660c492dbb242-rd5bw-sa43x-eb39f987dd81dad7a11eb7db0dd02d75.jpg;não;en;1;R$ 13.64
Geralf, the Fleshwright;Outlaws of Thunder Junction(OTJ);https://repositorio.sbrauble.com/arquivos/in/magic/480447/660ac9fe7ded2-n4r1t-mxuyk-8b7348065e7b65eeacb807363ff9592c.jpg;não;en;2;R$ 11.50
Endless Detour;Breaking News(OTP);https://repositorio.sbrauble.com/arquivos/in/magic/480450/660c493a81789-25gjp-jogmy-eb39f987dd81dad7a11eb7db0dd02d75.jpg;sim;en;1;R$ 1.75
Eriette, the Beguiler;Outlaws ofTthunder Junction(WPOTJ);https://repositorio.sbrauble.com/arquivos/in/magic/480456/660b16118042e-a629g-jrtk8-ccbbc2f57de7b9e1a79f597ed5908816.jpg;sim;en;1;R$ 8.00
Esoteric Duplicator;The Big Score(BIG);https://repositorio.sbrauble.com/arquivos/in/magic/480454/660d864faca7b-gahcx-luj7f-1de78cfe0c6d57e3fd93d827c4a6ea84.jpg;não;en;1;R$ 8.00
Loot, the Key to Everything;The Big Score(BIG);https://repositorio.sbrauble.com/arquivos/in/magic/480454/660d8654dc5e8-g01ca-pz9fo-1de78cfe0c6d57e3fd93d827c4a6ea84.jpg;não;en;1;R$ 6.90
Dust Animus;Outlaws of Thunder Junction(OTJ);https://repositorio.sbrauble.com/arquivos/in/magic/480447/660c506ca67a6-aizwu-j6cfw-8b7348065e7b65eeacb807363ff9592c.jpg;sim;en;1;R$ 3.00
Ghired, Mirror of the Wilds;Outlaws of Thunder Junction(OTJ);https://repositorio.sbrauble.com/arquivos/in/magic/480447/660aca00a004d-ms938-agf54-8b7348065e7b65eeacb807363ff9592c.jpg;não;en;1;R$ 4.50
Generous Plunderer;The Big Score(BIG);https://repositorio.sbrauble.com/arquivos/in/magic/480454/660ed71e38f8e-7u9gy-nikzd-1de78cfe0c6d57e3fd93d827c4a6ea84.jpg;não;en;1;R$ 12.20
Hostile Investigator;The Big Score(BIG);https://repositorio.sbrauble.com/arquivos/in/magic/480454/660ed72311a58-kb5mw-n0q2d-1de78cfe0c6d57e3fd93d827c4a6ea84.jpg;não;en;1;R$ 30.00
The Gitrog, Ravenous Ride;Outlaws of Thunder Junction(OTJ);https://repositorio.sbrauble.com/arquivos/in/magic/480447/6603354b49bd9-ihlet-6bqa2-8b7348065e7b65eeacb807363ff9592c.jpg;não;en;1;R$ 8.25
Indomitable Creativity;Breaking News(OTP);https://repositorio.sbrauble.com/arquivos/in/magic/480450/660c494f7a7a4-peq56-bz52f-eb39f987dd81dad7a11eb7db0dd02d75.jpg;não;en;1;R$ 14.25
Mindbreak Trap;Breaking News(OTP);https://repositorio.sbrauble.com/arquivos/in/magic/480450/660c4957717db-nwvgd-7k0th-eb39f987dd81dad7a11eb7db0dd02d75.jpg;não;en;1;R$ 70.00
Torpor Orb;The Big Score(BIG);https://repositorio.sbrauble.com/arquivos/in/magic/480454/66045dafc10e4-oyw46-qcha1-1de78cfe0c6d57e3fd93d827c4a6ea84.jpg;não;en;2;R$ 11.85
Harvester of Misery;The Big Score(BIG);https://repositorio.sbrauble.com/arquivos/in/magic/480454/660ed7216fc0c-dc7ro-p28y6-1de78cfe0c6d57e3fd93d827c4a6ea84.jpg;não;en;1;R$ 44.65
Goldvein Hydra;Outlaws of Thunder Junction(OTJ);https://repositorio.sbrauble.com/arquivos/in/magic/480447/660b119b4aadc-oacmq-2v0m9-8b7348065e7b65eeacb807363ff9592c.jpg;não;en;1;R$ 30.25
Kellan, the Kid ;Outlaws of Thunder Junction(OTJ);https://repositorio.sbrauble.com/arquivos/in/magic/480447/6603352c65616-o4w8g-ic0eq-8b7348065e7b65eeacb807363ff9592c.jpg;não;en;1;R$ 7.43
Sword of Wealth and Power;The Big Score(BIG);https://repositorio.sbrauble.com/arquivos/in/magic/480454/66045dae2ee0f-wp6gk-rmiw6-1de78cfe0c6d57e3fd93d827c4a6ea84.jpg;não;en;1;R$ 47.50
Legion Extruder;The Big Score(BIG);https://repositorio.sbrauble.com/arquivos/in/magic/480454/660d865339eb6-8s1mj-25kwe-1de78cfe0c6d57e3fd93d827c4a6ea84.jpg;não;en;1;R$ 17.55
Omenpath Journey;The Big Score(BIG);https://repositorio.sbrauble.com/arquivos/in/magic/480454/660d865a1ca8d-v5c9s-gjeu5-1de78cfe0c6d57e3fd93d827c4a6ea84.jpg;não;en;1;R$ 11.60
Tinybones, the Pickpocket;Outlaws of Thunder Junction(OTJ);https://repositorio.sbrauble.com/arquivos/in/magic/480447/660335512b857-bdu8g-2zo94-8b7348065e7b65eeacb807363ff9592c.jpg;não;en;1;R$ 31.50
Tinybones, the Pickpocket;Outlaws ofTthunder Junction(WPOTJ);https://repositorio.sbrauble.com/arquivos/in/magic/480456/66045f4072ec1-qi7np-s6d5x-ccbbc2f57de7b9e1a79f597ed5908816.jpg;não;en;1;R$ 60.00
Annie Flash, the Veteran;Outlaws of Thunder Junction(OTJ);https://repositorio.sbrauble.com/arquivos/in/magic/480447/660334ff03a0c-cjs5g-kpzq6-8b7348065e7b65eeacb807363ff9592c.jpg;não;en;1;R$ 1.35
Fomori Vault;Outlaws of Thunder Junction(OTJ);https://repositorio.sbrauble.com/arquivos/in/magic/480454/660ed71c3be03-cal9k-xorye-1de78cfe0c6d57e3fd93d827c4a6ea84.jpg;não;en;1;R$ 49.00
Grindstone;Breaking News(OTP);https://repositorio.sbrauble.com/arquivos/in/magic/480450/66045a8edd4ef-u835h-8g1k9-eb39f987dd81dad7a11eb7db0dd02d75.jpg;não;en;1;R$ 4.75
Archive Trap;Breaking News(OTP);https://repositorio.sbrauble.com/arquivos/in/magic/480450/660c492197a1a-jkog2-b8ykn-eb39f987dd81dad7a11eb7db0dd02d75.jpg;não;en;1;R$ 8.00
Slickshot Show-Off;Outlaws of Thunder Junction(OTJ);https://repositorio.sbrauble.com/arquivos/in/magic/480447/66033546742b1-f0uoh-vnb43-8b7348065e7b65eeacb807363ff9592c.jpg;não;en;2;R$ 76.00
Annie Joins Up;Outlaws of Thunder Junction(OTJ);https://repositorio.sbrauble.com/arquivos/in/magic/480447/660b11695064b-7kj9x-ke7jn-8b7348065e7b65eeacb807363ff9592c.jpg;sim;en;1;R$ 13.50
Vraska Joins Up;Outlaws of Thunder Junction(OTJ);https://repositorio.sbrauble.com/arquivos/in/magic/480447/66047ca233838-kwjl4-p58ou-8b7348065e7b65eeacb807363ff9592c.jpg;sim;en;1;R$ 2.55
Vraska, the Silencer;Outlaws of Thunder Junction(OTJ);https://repositorio.sbrauble.com/arquivos/in/magic/480447/66033557af63c-sqykw-3xbsm-8b7348065e7b65eeacb807363ff9592c.jpg;sim;en;1;R$ 13.15
Treasure Vault;Adventures in the Forgotten Realms (AFR);https://repositorio.sbrauble.com/arquivos/in/magic/479855/60e4aedb6053c-u7plx-6bchq-168812352860e4aedb60574.jpg;não;en;1;R$ 14.75
Plaza of Heroes;Dominaria United(DMU);https://repositorio.sbrauble.com/arquivos/in/magic/479947/6303a10637e1d-7adyl-c0jib-6702302206303a10637e5d.jpg;não;pt;2;R$ 29.90
Hall of the Bandit Lord;The List(TL);https://repositorio.sbrauble.com/arquivos/in/magic/479828/620d0e34c69f9-mgdbn-9gyot-844884158620d0e34c6a3f.jpg;não;en;1;R$ 50.90
Yavimaya Coast;Dominaria United(DMU);https://repositorio.sbrauble.com/arquivos/in/magic/479947/62ffc9044ab90-smn02-rkcgt-193580114962ffc9044abce.jpg;não;pt;1;R$ 4.75
Sulfurous Springs;Dominaria United(DMU);https://repositorio.sbrauble.com/arquivos/in/magic/479947/62ffc8f35dc04-i53x1-6u2je-10619417062ffc8f35dc41.jpg;não;pt;3;R$ 18.90
Karplusan Forest;Dominaria United(BLDMU);https://repositorio.sbrauble.com/arquivos/in/magic/480011/63021a1c66edb-p128g-ug6z1-5153567263021a1c66f25.jpg;não;pt;1;R$ 19.90
Adarkar Wastes;Dominaria United(DMU);https://repositorio.sbrauble.com/arquivos/in/magic/479947/62ffc88fcd906-8p59t-xv9f6-102303445662ffc88fcd945.jpg;não;pt;1;R$ 13.00
Adarkar Wastes;Dominaria United(BLDMU);https://repositorio.sbrauble.com/arquivos/in/magic/480011/63021a1748ba1-69m3x-8e4wq-128698574263021a1748c0f.jpg;não;pt;1;R$ 28.74
Caves of Koilos;Dominaria United(DMU);https://repositorio.sbrauble.com/arquivos/in/magic/479947/62ffc8a0dc423-07cxa-lpxbm-163072531562ffc8a0dc463.jpg;não;pt;1;R$ 1.70
Haven of the Spirit Dragon;Dragons of Tarkir(DTK);https://repositorio.sbrauble.com/arquivos/in/magic/248153/5f4244115c8b5-nbyah2-1iwuhm-fe131d7f5a6b38b23cc967316c13dae2.jpg;sim;en;1;R$ 11.25
Shivan Reef;Dominaria United(DMU);https://repositorio.sbrauble.com/arquivos/in/magic/479947/62ffc8e509380-2ir9e-36efz-25662980662ffc8e5093be.jpg;não;pt;1;R$ 4.90
Shivan Reef;Dominaria United(BLDMU);https://repositorio.sbrauble.com/arquivos/in/magic/480011/63021a1f14fa5-v2yuj-6f3l1-134132766463021a1f14fe4.jpg;não;pt;1;R$ 9.00
Arid Archway;Outlaws of Thunder Junction(OTJ);https://repositorio.sbrauble.com/arquivos/in/magic/480447/6605ba61e7a43-qlbsc-zcsh2-8b7348065e7b65eeacb807363ff9592c.jpg;sim;en;1;R$ 2.00
Dust Bowl;Breaking News(OTP);https://repositorio.sbrauble.com/arquivos/in/magic/480450/66045a8d42a96-f2o0x-u74sd-eb39f987dd81dad7a11eb7db0dd02d75.jpg;não;en;1;R$ 6.13
Blooming Marsh;Outlaws of Thunder Junction(OTJ);https://repositorio.sbrauble.com/arquivos/in/magic/480447/6603350244bf6-puv01-2e8r4-8b7348065e7b65eeacb807363ff9592c.jpg;não;en;3;R$ 11.80
Concealed Courtyard;Outlaws of Thunder Junction(OTJ);https://repositorio.sbrauble.com/arquivos/in/magic/480447/6603350a6226e-kj5c8-p3dof-8b7348065e7b65eeacb807363ff9592c.jpg;não;en;2;R$ 2.97
Inspiring Vantage;Outlaws of Thunder Junction(OTJ);https://repositorio.sbrauble.com/arquivos/in/magic/480447/66033525eb318-i09ao-xdp1z-8b7348065e7b65eeacb807363ff9592c.jpg;não;en;1;R$ 11.00
Temple of Deceit;Fondations(FON);https://repositorio.sbrauble.com/arquivos/in/magic/480609/67200040a0857-0ouak-jn3al-a47573e568e5a8d320ab76d2ae0188c6.jpg;não;en;1;R$ 0.95
Caves of Koilos;Dominaria United(DMU);https://repositorio.sbrauble.com/arquivos/in/magic/480011/63021a19d70b0-dl6oq-mg76i-51947829963021a19d70f1.jpg;não;pt;1;R$ 8.75
Temple of Malady;Fondations(FON);https://repositorio.sbrauble.com/arquivos/in/magic/480609/672000478ef09-okfnc-dqiks-a47573e568e5a8d320ab76d2ae0188c6.jpg;não ;en;1;R$ 1.00
Temple of Mystery;Fondations(FON);https://repositorio.sbrauble.com/arquivos/in/magic/480609/6720004bd0761-mklvd-rt9e8-a47573e568e5a8d320ab76d2ae0188c6.jpg;não;en;1;R$ 0.90
Temple of Malice;Fondations(FON);https://repositorio.sbrauble.com/arquivos/in/magic/480609/672000497e68a-tqc8v-gfhxs-a47573e568e5a8d320ab76d2ae0188c6.jpg;não;en;1;R$ 1.50
Sandstorm Salvager;The Big Score(BIG);https://repositorio.sbrauble.com/arquivos/in/magic/480454/660ed7280a9ce-n0lte-ez5rn-1de78cfe0c6d57e3fd93d827c4a6ea84.jpg;não;en;1;R$ 34.84
Maze's End;Fondations(FON);https://repositorio.sbrauble.com/arquivos/in/magic/480609/672168b5836a0-9ka0q-8uws0-a47573e568e5a8d320ab76d2ae0188c6.jpg;sim;en;1;R$ 11.50
Danitha, Benalia's Hope;Dominaria United(TFDMU);https://repositorio.sbrauble.com/arquivos/in/magic/480031/63066b0317116-t36qy-jhdsm-197734848063066b0317156.jpg;não;pt;1;R$ 1.86
Errant and Giada;March of the Machines(BFMOM);https://repositorio.sbrauble.com/arquivos/in/magic/480205/642b215b46051-guz49-o9mx7-67800703642b215b4609b.jpg;não;pt;1;R$ 1.50
Threats Undetected;Dominaria United(DMU);https://repositorio.sbrauble.com/arquivos/in/magic/479947/6303a130285de-mixo0-ebuyn-1921765856303a1302861c.jpg;sim;pt;1;R$ 2.20
Kaheera, the Orphanguard;Multiverse Lengends(MUL);https://repositorio.sbrauble.com/arquivos/in/magic/480191/642dea7034ec1-nws5j-srk80-365320435642dea7034f52.jpg;não;pt;1;R$ 1.80
The Mana Rig;Dominaria United Commander(DMC);https://repositorio.sbrauble.com/arquivos/in/magic/479948/6308e60be64ce-39avy-hx9y7-18380133676308e60be6517.jpg;não;pt;1;R$ 5.00
Gyruda, Doom of Depths;Multiverse Lengends(MUL);https://repositorio.sbrauble.com/arquivos/in/magic/480191/642dea69d9881-swkam-qlk4t-446782519642dea69d98c7.jpg;não;pt;1;R$ 1.75
Ghalta, Primal Hunger;Rivals of Ixalan(RIX);https://repositorio.sbrauble.com/arquivos/in/magic/247933/5f424410478b1-vq38uk-62f4jx-9b8619251a19057cff70779273e95aa6.jpg;não;en;1;R$ 5.80
Vorinclex, Voice of Hunger;Multiverse Lengends(MUL);https://repositorio.sbrauble.com/arquivos/in/magic/480191/64259cf5722ae-gkzx5-gucw6-101262745264259cf5722f8.jpg;não;pt;1;R$ 45.00
Hullbreaker Horror;Innistrad Crimson Vow (VOW);https://repositorio.sbrauble.com/arquivos/in/magic/479876/618545b0d096f-mta1p-etdfx-638024294618545b0d09b8.jpg;não;pt;1;R$ 19.85
Ajani, Sleeper Agent;Dominaria United(DMU);https://repositorio.sbrauble.com/arquivos/in/magic/479947/62ffc892a30a6-1uiv0-m2jty-10458925562ffc892a30e4.jpg;não;pt;1;R$ 8.18
Fractured Identity;Breaking News(OTP);https://repositorio.sbrauble.com/arquivos/in/magic/480450/660c494517a3f-bih1c-gtmov-eb39f987dd81dad7a11eb7db0dd02d75.jpg;não;en;1;R$ 1.50
Aurelia, the Warleader;Fondations(FON);https://repositorio.sbrauble.com/arquivos/in/magic/480609/67216831bfbb1-teh0u-cb0ql-a47573e568e5a8d320ab76d2ae0188c6.jpg;não;en;1;R$ 21.60
Darksteel Colossus;Fondations(FON);https://repositorio.sbrauble.com/arquivos/in/magic/480609/672000115e622-gbm1w-5gr8q-a47573e568e5a8d320ab76d2ae0188c6.jpg;não;en;1;R$ 19.90
Angelic Destiny;Fondations(FON);https://repositorio.sbrauble.com/arquivos/in/magic/480609/6721682975262-4pfuv-i2uzx-a47573e568e5a8d320ab76d2ae0188c6.jpg;não;en;1;R$ 2.50
Sphinx of the Final Word;Fondations(FON);https://repositorio.sbrauble.com/arquivos/in/magic/480609/672169184091a-xqt7o-srq3k-a47573e568e5a8d320ab76d2ae0188c6.jpg;não;en;1;R$ 2.75
Primeval Bounty;Fondations(FON);https://repositorio.sbrauble.com/arquivos/in/magic/480609/672168d01da2d-qkae8-n89g2-a47573e568e5a8d320ab76d2ae0188c6.jpg;não;en;1;R$ 2.50
Lyra Dawnbringer;Fondations(FON);https://repositorio.sbrauble.com/arquivos/in/magic/480609/672000289d3cf-257bu-skxz6-a47573e568e5a8d320ab76d2ae0188c6.jpg;sim ;en;1;R$ 20.00
Monster Manual;Commander Legends(CLB);https://repositorio.sbrauble.com/arquivos/in/magic/479990/664b8aa3c2058-k0685-6dpbi-e1f6b7d7e46c90262b2aabbd7cf79636.jpg;sim;en;1;R$ 20.00
Guardian of Faith;Adventures in the Forgotten Realms (AFR);https://repositorio.sbrauble.com/arquivos/in/magic/479856/60df3b69665b8-4sxhv-apxb9-142599864960df3b696660c.jpg;não;en;1;R$ 39.75
Lolth, Spider Queen;Adventures in the Forgotten Realms (AFR);https://repositorio.sbrauble.com/arquivos/in/magic/479856/60db7df3b3ace-cv9lk-n6rlv-52805047860db7df3b3b15.jpg;não;en;1;R$ 47.00
Squee, the Immortal;Multiverse Lengends(MUL);https://repositorio.sbrauble.com/arquivos/in/magic/480191/642dea8a7cb69-epazt-p4hfu-1051793842642dea8a7cbb1.jpg;não;pt;1;R$ 1.00
Jin-Gitaxias ;March of the Machines(MOM);https://repositorio.sbrauble.com/arquivos/in/magic/480189/6424af39b1e8e-xhmrk-c0usf-19678310366424af39b1ece.jpg;não;pt;1;R$ 20.90
Vesuvan Duplimancy;Dominaria United(DMU);https://repositorio.sbrauble.com/arquivos/in/magic/479947/630795f9bcb84-l9cn0-f5pas-1964576033630795f9bcbc3.jpg;não;pt;1;R$ 9.20
Jodah, the Unifier;Dominaria United(SGDMU);https://repositorio.sbrauble.com/arquivos/in/magic/480032/63066c29a561c-vndox-wp1u2-74012923963066c29a565a.jpg;não;pt;1;R$ 15.90
Bristly Bill, Spine Sower;Outlaws of Thunder Junction(OTJ);https://repositorio.sbrauble.com/arquivos/in/magic/480447/6605ba6f3b31d-qmdlp-g5a4y-8b7348065e7b65eeacb807363ff9592c.jpg;não;en;1;R$ 100.25
Archangel of Tithes;Outlaws of Thunder Junction(OTJ);https://repositorio.sbrauble.com/arquivos/in/magic/480447/6605ba60477f2-6bqjx-ql0pk-8b7348065e7b65eeacb807363ff9592c.jpg;não;en;1;R$ 5.90
Rosnakht, Heir of Rohgahh;Dominaria United Commander(DMC);https://repositorio.sbrauble.com/arquivos/in/magic/479948/6308e60a33c7f-5y4qj-5q0he-14611768646308e60a33cbe.jpg;não;pt;1;R$ 3.20
Seizan, Perverter of Truth;Multiverse Lengends(MUL);https://repositorio.sbrauble.com/arquivos/in/magic/480191/642dea874ec8c-b6lyc-9xmzu-823160643642dea874ecdc.jpg;não;pt;1;R$ 0.95
Invasion of Kaldheim;March of the Machines(MOM);https://repositorio.sbrauble.com/arquivos/in/magic/480189/642b1a4c1f68f-3zvil-ihagd-1130493185642b1a4c1f6d8.jpg;não;pt;1;R$ 1.25
Invasion of Ikoria;March of the Machines(MOM);https://repositorio.sbrauble.com/arquivos/in/magic/480189/642c8e03beb21-zewgn-n48yp-491111436642c8e03beb6d.jpg;não;pt;1;R$ 40.00
Invasion of Ixalan;March of the Machines(MOM);https://repositorio.sbrauble.com/arquivos/in/magic/480189/642c8e0575492-zmfwn-d1sjv-294731764642c8e05754d6.jpg;não;pt;1;R$ 3.25
Molten Duplication;The Big Score(BIG);https://repositorio.sbrauble.com/arquivos/in/magic/480454/660ed7265f786-7gsm0-981gn-1de78cfe0c6d57e3fd93d827c4a6ea84.jpg;não;en;1;R$ 35.60
Notion Thief;Special Guests(SPG);https://repositorio.sbrauble.com/arquivos/in/magic/480329/6604655615a3b-ug5cq-jw0p6-f45f6a8d1a74e3a00f040564869b04c4.jpg;não;en;1;R$ 29.75
Rakdos, the Muscle;Outlaws of Thunder Junction(OTJ);https://repositorio.sbrauble.com/arquivos/in/magic/480447/6603353c9d62d-z7um6-5kcl0-8b7348065e7b65eeacb807363ff9592c.jpg;não;en;1;R$ 6.90
Aether Channeler;Dominaria United(DMU);https://repositorio.sbrauble.com/arquivos/in/magic/479947/6309f920beae5-j35wr-4l8xn-4662228596309f920beb25.jpg;sim;pt;1;R$ 5.00
Welcoming Vampire;Innistrad Crimson Vow ;https://repositorio.sbrauble.com/arquivos/in/magic/479876/6185459196c8f-khevl-jby3w-3098024676185459196cd7.jpg;sim;pt;1;R$ 8.00
Leyline Binding;Dominaria United(DMU);https://repositorio.sbrauble.com/arquivos/in/magic/479947/630660d75f63c-6nvcl-xsag6-202281848630660d75f67b.jpg;não;pt;1;R$ 11.90
Leori, Sparktouched Hunter ;Commander Masters(CMM);https://repositorio.sbrauble.com/arquivos/in/magic/480263/64b8033d8e8a3-prmqh-dey32-52132072864b8033d8e8e2.jpg;sim;en;1;R$ 6.00
Norn's Annex;Commander Masters(CMM);https://repositorio.sbrauble.com/arquivos/in/magic/480263/64b8034d56f37-u0w2x-d6me5-143359361364b8034d56f74.jpg;não;en;1;R$ 7.18
Mangara, the Diplomat;Commander Masters(CMM);https://repositorio.sbrauble.com/arquivos/in/magic/480263/64b8033f2303e-6cjwo-2ydj8-135937835364b8033f23085.jpg;não;en;1;R$ 11.90
Guff Rewrites History ;Commander Masters(CMM);https://repositorio.sbrauble.com/arquivos/in/magic/480263/64b8032d5a394-bt6ej-1vf4k-78724482164b8032d5a3d3.jpg;não;en;1;R$ 4.00
Karn's Sylex;Dominaria United(DMU);https://repositorio.sbrauble.com/arquivos/in/magic/479947/6304f1495e9b8-djf5l-y46aj-5189551626304f1495e9f7.jpg;não;pt;1;R$ 6.00
Semester's End;Commander Masters(CMM);https://repositorio.sbrauble.com/arquivos/in/magic/480263/64b80361c8476-x7ze0-ilcth-120646254264b80361c84b5.jpg;não;en;1;R$ 1.90
Chandra, Torch of Defiance;Commander Masters(CMM);https://repositorio.sbrauble.com/arquivos/in/magic/480263/64b80319e47e3-829t4-enj6f-14354423064b80319e4822.jpg;não;en;1;R$ 9.00
Narset, Parter of Veils;Commander Masters(CMM);https://repositorio.sbrauble.com/arquivos/in/magic/480263/64b8034a303a8-a4l5n-klwtc-14990117464b8034a303e8.jpg;não;en;1;R$ 4.00
See Double;March of the Machines(MOM);https://repositorio.sbrauble.com/arquivos/in/magic/480189/64274191d079b-mnaqh-93txl-134762575964274191d07de.jpg;não;pt;1;R$ 1.50
Nahiri, the Harbinger;Commander Masters(CMM);https://repositorio.sbrauble.com/arquivos/in/magic/480263/64b803457ae2e-hkty0-ba14o-210976733664b803457ae77.jpg;não;en;1;R$ 1.36
Den of the Bugbear;Adventures in the Forgotten Realms (AFR);https://repositorio.sbrauble.com/arquivos/in/magic/479855/60dc9236a474d-nfq9w-6l2c4-76051904660dc9236a47a4.jpg;não;en;1;R$ 23.00
Furycalm Snarl;Commander Masters(CMM);https://repositorio.sbrauble.com/arquivos/in/magic/480263/64b80326b1b58-rufmz-6anmj-62323538964b80326b1b96.jpg;não;en;1;R$ 1.44
Promise of Loyalty;Commander Masters(CMM);https://repositorio.sbrauble.com/arquivos/in/magic/480263/64b803585ff9a-lm0pb-l82gn-19565953564b803585ffdb.jpg;não;en;1;R$ 1.00
Skycloud Expanse;Commander Masters(CMM);https://repositorio.sbrauble.com/arquivos/in/magic/480263/64b80364e49ef-3jowm-tmc0j-4377307764b80364e4a2d.jpg;não;en;1;R$ 1.65
Oath of Teferi;Commander Masters(CMM);https://repositorio.sbrauble.com/arquivos/in/magic/480263/64b8035213db4-n3bsz-paf7n-82192065764b8035213df3.jpg;não;en;1;R$ 2.90
Rugged Prairie;Commander Masters(CMM);https://repositorio.sbrauble.com/arquivos/in/magic/480263/64b8035d2520c-t0cpk-9yrmv-55159316964b8035d2524b.jpg;não;en;1;R$ 8.90
Austere Command;Wilds of Eldraine Commander (WOC);https://repositorio.sbrauble.com/arquivos/in/magic/480300/64e7a2176c47e-5l3if-c7xut-163305778164e7a2176c4bc.jpg;não;en;1;R$ 5.85
Deepglow Skate;Commander Masters(CMM);https://repositorio.sbrauble.com/arquivos/in/magic/480263/64b8031b790de-w7ciz-gshjn-47862601664b8031b7911f.jpg;não;en;1;R$ 4.00
Karn's Bastion;Commander Masters(CMM);https://repositorio.sbrauble.com/arquivos/in/magic/480263/64b8033a6e5a3-z4ran-naozw-107709431164b8033a6e5f3.jpg;não;en;1;R$ 8.95
Spark Double;Commander Masters(CMM);https://repositorio.sbrauble.com/arquivos/in/magic/480263/64b803667bf2d-06fub-13596-21381576964b803667bf6b.jpg;não;en;1;R$ 24.90
Cascade Bluffs;Commander Masters(CMM);https://repositorio.sbrauble.com/arquivos/in/magic/480263/64b80315306bb-ia3xl-j2kho-117817700764b8031530705.jpg;não;en;1;R$ 14.00
Silent Arbiter;Commander Masters(CMM);https://repositorio.sbrauble.com/arquivos/in/magic/480263/64b803635ac07-y439c-qdwon-15827404064b803635ac43.jpg;não;en;1;R$ 22.58
Port Town;Commander Masters(CMM);https://repositorio.sbrauble.com/arquivos/in/magic/480263/64b80356cd57d-wsmop-wjfr5-211763956864b80356cd5ba.jpg;não;en;1;R$ 1.88
Dictate of Kruphix;Fondations(FON);https://repositorio.sbrauble.com/arquivos/in/magic/480609/6721685c5c00e-hzj71-3rfta-a47573e568e5a8d320ab76d2ae0188c6.jpg;não;en;1;R$ 1.90
Blasphemous Act;Commander Masters(CMM);https://repositorio.sbrauble.com/arquivos/in/magic/480263/64b803107871f-v967m-y2djq-190430948364b803107875f.jpg;não;en;1;R$ 17.25
Ajani Steadfast;Commander Masters(CMM);https://repositorio.sbrauble.com/arquivos/in/magic/480263/64b8030d556f0-2qdyw-bt35y-88056088664b8030d55733.jpg;não;en;1;R$ 4.25
Narset, Enlightened Master;Commander Masters(CMM);https://repositorio.sbrauble.com/arquivos/in/magic/480263/64b803489320e-cypko-d3p7u-186179053064b803489324d.jpg;não;en;1;R$ 2.75
Chandra, Awakened Inferno;Commander Masters(CMM);https://repositorio.sbrauble.com/arquivos/in/magic/480263/64b80316be27a-v6gar-bjc8g-88794385164b80316be2b8.jpg;não;en;1;R$ 49.00
Prairie Stream;Commander Masters(CMM);https://repositorio.sbrauble.com/arquivos/in/magic/480263/64b701ae9c463-oi6n1-6ju5d-159102448164b701ae9c4a4.jpg;não;en;1;R$ 1.70
Jace Beleren ;Commander Masters(CMM);https://repositorio.sbrauble.com/arquivos/in/magic/480263/64b80333cee85-gald5-105n4-46924635664b80333ceec4.jpg;não;en;1;R$ 2.70
Urza's Ruinous Blast;Commander Masters(CMM);https://repositorio.sbrauble.com/arquivos/in/magic/480263/64b803797c0ba-q63zs-7x6ek-182798874364b803797c0fa.jpg;não;en;1;R$ 1.75
Jace, Mirror Mage;Commander Masters(CMM);https://repositorio.sbrauble.com/arquivos/in/magic/480263/64b803373a54f-92x1o-2tq9z-76366555564b803373a58e.jpg;não;en;1;R$ 2.40
Vronos, Masked Inquisitor ;Commander Masters(CMM);https://repositorio.sbrauble.com/arquivos/in/magic/480263/64b8037b0fbad-i8v2o-6zvp3-30153661764b8037b0fbed.jpg;não;en;1;R$ 20.00
Jaya's Phoenix ;Commander Masters(CMM);https://repositorio.sbrauble.com/arquivos/in/magic/480263/64b80338bf2b3-px7cq-387md-50500501364b80338bf2f1.jpg;não;en;1;R$ 2.45
Chandra, Legacy of Fire ;Commander Masters(CMM);https://repositorio.sbrauble.com/arquivos/in/magic/480263/64b803185f3e1-cykhq-4hs26-48374760964b803185f420.jpg;não;en;1;R$ 7.45
All Will Be One;Phyrexia: All Will Be One(ONE);https://repositorio.sbrauble.com/arquivos/in/magic/480158/63d3ac08eaeb0-73xto-gm89r-214083650663d3ac08eaee5.jpg;não;pt;1;R$ 40.00
Narset of the Ancient Way;Commander Masters(CMM);https://repositorio.sbrauble.com/arquivos/in/magic/480263/64b803470f2f5-ut0ds-9ceig-98772253664b803470f33d.jpg;não;en;1;R$ 3.00
Onakke Oathkeeper ;Commander Masters(CMM);https://repositorio.sbrauble.com/arquivos/in/magic/480263/64b80353bc698-0yoj2-wdkqh-202409617664b80353bc6d6.jpg;não;en;1;R$ 3.95
Frostboil Snarl;Commander Masters(CMM);https://repositorio.sbrauble.com/arquivos/in/magic/480263/64b803251db8b-4wqk3-ev7a5-58333699464b803251dbdf.jpg;não;en;1;R$ 2.50
Gatewatch Beacon ;Commander Masters(CMM);https://repositorio.sbrauble.com/arquivos/in/magic/480263/64b8032863a71-38hnb-vghr1-75407287764b8032863aef.jpg;não;en;1;R$ 3.00
The Chain Veil;Commander Masters(CMM);https://repositorio.sbrauble.com/arquivos/in/magic/480263/64b8037658ccf-71v8z-1b8y6-174182253964b8037658d0d.jpg;não;en;1;R$ 19.72
Teyo, Geometric Tactician ;Commander Masters(CMM);https://repositorio.sbrauble.com/arquivos/in/magic/480263/64b80374b7fc4-m7ezf-ga6ez-196658211164b80374b800d.jpg;não;en;1;R$ 8.90
Mystic Gate;Commander Masters(CMM);https://repositorio.sbrauble.com/arquivos/in/magic/480263/64b80343d4f8b-eq8l2-wu9gl-138659156464b80343d4fcc.jpg;não;en;1;R$ 15.75
Elspeth, Sun's Champion;Commander Masters(CMM);https://repositorio.sbrauble.com/arquivos/in/magic/480263/64b8031e9c414-cxhgu-7tb3s-175915805264b8031e9c456.jpg;não;en;1;R$ 7.90
Satoru, the Infiltrator;Outlaws of Thunder Junction(OTJ);https://repositorio.sbrauble.com/arquivos/in/magic/480447/66047c9d36042-yt0zs-tasxo-8b7348065e7b65eeacb807363ff9592c.jpg;não;en;2;R$ 17.17
Kambal, Profiteering Mayor;Outlaws of Thunder Junction(OTJ);https://repositorio.sbrauble.com/arquivos/in/magic/480447/660aca0d8ba57-r97ci-zg9kf-8b7348065e7b65eeacb807363ff9592c.jpg;não;en;1;R$ 7.12
Duelist of the Mind;Outlaws of Thunder Junction(OTJ);https://repositorio.sbrauble.com/arquivos/in/magic/480447/6603350d91277-f6bg1-jbn6r-8b7348065e7b65eeacb807363ff9592c.jpg;não;en;2;R$ 2.50
Caustic Bronco;Outlaws of Thunder Junction(OTJ);https://repositorio.sbrauble.com/arquivos/in/magic/480447/660b117a056b3-dqr25-jmdfc-8b7348065e7b65eeacb807363ff9592c.jpg;não;en;1;R$ 16.10
Outcaster Trailblazer;Outlaws of Thunder Junction(OTJ);https://repositorio.sbrauble.com/arquivos/in/magic/480447/6605ba8ebf15d-j409o-1ef6x-8b7348065e7b65eeacb807363ff9592c.jpg;não;en;1;R$ 18.00
Aven Interrupter;Outlaws of Thunder Junction(OTJ);https://repositorio.sbrauble.com/arquivos/in/magic/480447/6605ba66da91c-bovpd-860k5-8b7348065e7b65eeacb807363ff9592c.jpg;não;en;2;R$ 66.50
Laughing Jasper Flint;Outlaws of Thunder Junction(OTJ);https://repositorio.sbrauble.com/arquivos/in/magic/480447/660b11a7dc5a2-541bh-omc21-8b7348065e7b65eeacb807363ff9592c.jpg;não;en;1;R$ 7.43
Roxanne, Starfall Savant;Outlaws of Thunder Junction(OTJ);https://repositorio.sbrauble.com/arquivos/in/magic/480447/6605ba9bd600a-tk1q5-gk61b-8b7348065e7b65eeacb807363ff9592c.jpg;não;en;2;R$ 2.70
Three Steps Ahead;Outlaws of Thunder Junction(OTJ);https://repositorio.sbrauble.com/arquivos/in/magic/480447/6605baaa8931c-5rf0k-z8fl6-8b7348065e7b65eeacb807363ff9592c.jpg;não;en;2;R$ 35.00
Kaervek, the Punisher;Outlaws of Thunder Junction(OTJ);https://repositorio.sbrauble.com/arquivos/in/magic/480447/660aca0bd7227-mn1bw-c46ue-8b7348065e7b65eeacb807363ff9592c.jpg;não;en;1;R$ 3.60
High Noon;Outlaws of Thunder Junction(OTJ);https://repositorio.sbrauble.com/arquivos/in/magic/480447/6605ba7fc9b04-zen3i-wgdei-8b7348065e7b65eeacb807363ff9592c.jpg;não;en;2;R$ 14.78
Great Train Heist;Outlaws of Thunder Junction(OTJ);https://repositorio.sbrauble.com/arquivos/in/magic/480447/6603351dc6d91-1y37k-gu7jx-8b7348065e7b65eeacb807363ff9592c.jpg;não;en;2;R$ 9.00
Magda, the Hoardmaster;Outlaws of Thunder Junction(OTJ);https://repositorio.sbrauble.com/arquivos/in/magic/480447/660335346ec58-y7qn5-dejaq-8b7348065e7b65eeacb807363ff9592c.jpg;não;en;1;R$ 2.75
Smuggler's Surprise;Outlaws of Thunder Junction(OTJ);https://repositorio.sbrauble.com/arquivos/in/magic/480447/660aca3b2ecfd-789qh-eazm7-8b7348065e7b65eeacb807363ff9592c.jpg;não;en;1;R$ 17.00
Pillage the Bog;Outlaws of Thunder Junction(OTJ);https://repositorio.sbrauble.com/arquivos/in/magic/480447/660aca20f3e6d-97xls-x2vwn-8b7348065e7b65eeacb807363ff9592c.jpg;não;en;1;R$ 5.40
Tinybones Joins Up;Outlaws of Thunder Junction(OTJ);https://repositorio.sbrauble.com/arquivos/in/magic/480447/6603354f8c8ff-4pdix-wimre-8b7348065e7b65eeacb807363ff9592c.jpg;não;en;1;R$ 3.50
Annie Joins Up;Outlaws of Thunder Junction(OTJ);https://repositorio.sbrauble.com/arquivos/in/magic/480447/660b11695064b-7kj9x-ke7jn-8b7348065e7b65eeacb807363ff9592c.jpg;não;en;1;R$ 7.00
Rush of Dread;Outlaws of Thunder Junction(OTJ);https://repositorio.sbrauble.com/arquivos/in/magic/480447/660b11d01b101-uxfho-0qpfy-8b7348065e7b65eeacb807363ff9592c.jpg;não;en;1;R$ 4.10
Commandeer;Breaking News(OTP);https://repositorio.sbrauble.com/arquivos/in/magic/480450/660c492bee6a0-ko2gz-2f9sg-eb39f987dd81dad7a11eb7db0dd02d75.jpg;não;en;1;R$ 8.00
Pariah;Breaking News(OTP);https://repositorio.sbrauble.com/arquivos/in/magic/480450/660c49618ff72-wmfyb-x2cs6-eb39f987dd81dad7a11eb7db0dd02d75.jpg;não;en;1;R$ 2.00
Surgical Extraction;Breaking News(OTP);https://repositorio.sbrauble.com/arquivos/in/magic/480450/660c4974c1fa8-0b5y1-ecw52-eb39f987dd81dad7a11eb7db0dd02d75.jpg;não;en;1;R$ 11.25
Abrupt Decay;Breaking News(OTP);https://repositorio.sbrauble.com/arquivos/in/magic/480450/660c491e03d24-q04s9-h7xc8-eb39f987dd81dad7a11eb7db0dd02d75.jpg;não;en;1;R$ 4.90
Path to Exile;Breaking News(OTP);https://repositorio.sbrauble.com/arquivos/in/magic/480450/66045a943884c-iu3fh-96c5z-eb39f987dd81dad7a11eb7db0dd02d75.jpg;não;en;1;R$ 6.50
Unlicensed Hearse;Breaking News(OTP);https://repositorio.sbrauble.com/arquivos/in/magic/480450/660c497b7c9b7-jy4k6-hbv89-eb39f987dd81dad7a11eb7db0dd02d75.jpg;não;en;1;R$ 14.55
Imp's Mischief;Breaking News(OTP);https://repositorio.sbrauble.com/arquivos/in/magic/480450/660c494db01af-tyskh-chnxq-eb39f987dd81dad7a11eb7db0dd02d75.jpg;não ;en;1;R$ 8.00
Dusk Legion Duelist;March of the Machines(MOM);https://repositorio.sbrauble.com/arquivos/in/magic/480189/642b1635d1e1d-i43y0-rzc2x-783534433642b1635d1e66.jpg;não;pt;1;R$ 2.00
Faerie Mastermind;March of the Machines(MOM);https://repositorio.sbrauble.com/arquivos/in/magic/480189/6424a565bcb8d-l2agy-eqjho-16862202476424a565bcbd8.jpg;não;pt;2;R$ 100.00
Kogla and Yidaro;March of the Machines(MOM);https://repositorio.sbrauble.com/arquivos/in/magic/480189/64274187279d9-v0yhn-5v8qz-17311208616427418727a19.jpg;não;pt;2;R$ 3.00
Chrome Host Seedshark;March of the Machines(MOM);https://repositorio.sbrauble.com/arquivos/in/magic/480189/6425ad23a4e66-fnu8w-tw5mn-9258829616425ad23a4ea8.jpg;não;pt;2;R$ 14.55
City on Fire;March of the Machines(MOM);https://repositorio.sbrauble.com/arquivos/in/magic/480189/642741778996a-w76f8-ablqv-207948563164274177899aa.jpg;não;pt;1;R$ 19.90
Heliod, the Radiant Dawn;March of the Machines(MOM);https://repositorio.sbrauble.com/arquivos/in/magic/480189/6424af3203ffa-1s7il-13z6o-12540716216424af320403f.jpg;não;pt;1;R$ 3.00
Orthion, Hero of Lavabrink;March of the Machines(MOM);https://repositorio.sbrauble.com/arquivos/in/magic/480189/6425a69133095-6cvrj-boevn-12020873296425a691330e1.jpg;não;pt;1;R$ 10.00
Breach the Multiverse;March of the Machines(MOM);https://repositorio.sbrauble.com/arquivos/in/magic/480189/6424a55de4571-40bcx-bt3e7-12322159516424a55de45b8.jpg;não;pt;2;R$ 21.60
Surrak and Goreclaw;March of the Machines(MOM);https://repositorio.sbrauble.com/arquivos/in/magic/480189/6425a69d6fa98-93k0t-7bk14-9801256656425a69d6fadf.jpg;não;pt;1;R$ 65.00
Drana and Linvala;March of the Machines(MOM);https://repositorio.sbrauble.com/arquivos/in/magic/480189/6424a56295e3a-3qhmd-wjn19-3092380166424a56295e84.jpg;não;pt;1;R$ 14.90
Ghalta and Mavren;March of the Machines(MOM);https://repositorio.sbrauble.com/arquivos/in/magic/480189/6424a5688792a-sgz51-jdf4e-14029200696424a5688796a.jpg;não;pt;1;R$ 5.50
Tribute to the World Tree;March of the Machines(MOM);https://repositorio.sbrauble.com/arquivos/in/magic/480189/642741998f779-4g7ub-fvzyu-343332002642741998f7b9.jpg;não;pt;2;R$ 39.00
Polukranos Reborn;March of the Machines(MOM);https://repositorio.sbrauble.com/arquivos/in/magic/480189/6424af3cc1934-zc8fy-6rma2-14859979966424af3cc1980.jpg;não;pt;1;R$ 3.25
Rundvelt Hordemaster;Dominaria United(DMU);https://repositorio.sbrauble.com/arquivos/in/magic/479947/6304f1545f139-uwrhj-ozts9-17533270606304f1545f178.jpg;não;pt;1;R$ 12.73
Defiler of Vigor;Dominaria United(DMU);https://repositorio.sbrauble.com/arquivos/in/magic/479947/6303a0df58a88-p1yj4-xrovk-169051496303a0df58ac7.jpg;não;pt;1;R$ 8.50
Leaf-Crowned Visionary;Dominaria United(DMU);https://repositorio.sbrauble.com/arquivos/in/magic/479947/630795cab2ed2-89wqo-v1owh-1125934140630795cab2f11.jpg;não;pt;1;R$ 27.50
Ratadrabik of Urborg;Dominaria United(DMU);https://repositorio.sbrauble.com/arquivos/in/magic/479947/6304f151751e9-rgc3v-ochnb-10772393576304f1517522a.jpg;não;pt;1;R$ 2.20
Vodalian Hexcatcher;Dominaria United(DMU);https://repositorio.sbrauble.com/arquivos/in/magic/479947/630795fc8e8a5-difjs-ap8y1-1171945476630795fc8e8e4.jpg;não;pt;2;R$ 36.00
Braids, Arisen Nightmare;Dominaria United(DMU);https://repositorio.sbrauble.com/arquivos/in/magic/479947/62ffc89e1021a-x4brf-tix3z-60627598062ffc89e10258.jpg;não;pt;2;R$ 20.90
The Cruelty of Gix;Dominaria United(DMU);https://repositorio.sbrauble.com/arquivos/in/magic/479947/6309f9d16761e-6c0b4-pl6fc-11711551036309f9d16765d.jpg;não;pt;1;R$ 11.00
Baru, Wurmspeaker;Dominaria United Commander(DMC);https://repositorio.sbrauble.com/arquivos/in/magic/479948/6308e6019f1cb-m5fcx-gywmp-13070301606308e6019f20a.jpg;não;pt;2;R$ 2.00
Rosnakht, Heir of Rohgahh;Dominaria United Commander(DMC);https://repositorio.sbrauble.com/arquivos/in/magic/479948/6308e60a33c7f-5y4qj-5q0he-14611768646308e60a33cbe.jpg;não;pt;3;R$ 3.20
Emperor Mihail II;Dominaria United Commander(DMC);https://repositorio.sbrauble.com/arquivos/in/magic/479948/6308e60353c90-g6l7h-yek7z-4891460916308e60353cd1.jpg;não;pt;2;R$ 6.00
Activated Sleeper;Dominaria United Commander(DMC);https://repositorio.sbrauble.com/arquivos/in/magic/479948/6308e5ffe241a-2dxh4-1oq3j-15161984326308e5ffe245a.jpg;não;pt;1;R$ 3.95
Historian's Boon;Dominaria United Commander(DMC);https://repositorio.sbrauble.com/arquivos/in/magic/479948/6308e606b4ffe-ksjrq-pimwn-9678534226308e606b504a.jpg;não;pt;1;R$ 3.95
Firemane Commando;March of the Machines Commander(MOC);https://repositorio.sbrauble.com/arquivos/in/magic/480190/642dc864f3c03-xg8yd-2i74q-1211569537642dc864f3c4c.jpg;não;pt;1;R$ 29.00
Liliana's Talent;March of the Machines Commander(MOC);https://repositorio.sbrauble.com/arquivos/in/magic/480190/642dc8d89689f-1t9ms-c4ohu-1686365620642dc8d8968e7.jpg;não;pt;1;R$ 2.95
Ancient Imperiosaur;March of the Machines(MOM);https://repositorio.sbrauble.com/arquivos/in/magic/480189/6427416fab348-1ehij-e8rkw-4898281796427416fab392.jpg;não;pt;1;R$ 2.15
Myojin of Night's Reach;Fondations(FON);https://repositorio.sbrauble.com/arquivos/in/magic/480609/672168bc89b72-2f9si-0it4x-a47573e568e5a8d320ab76d2ae0188c6.jpg;não;en;1;R$ 10.50
Midnight Reaper;Fondations(FON);https://repositorio.sbrauble.com/arquivos/in/magic/480609/672168b915283-ftg8u-b1xem-a47573e568e5a8d320ab76d2ae0188c6.jpg;não;en;1;R$ 1.90
Kalastria Highborn;Fondations(FON);https://repositorio.sbrauble.com/arquivos/in/magic/480609/672168a6de892-gl0ry-37byk-a47573e568e5a8d320ab76d2ae0188c6.jpg;não;en;1;R$ 4.50
Taurean Mauler;Fondations(FON);https://repositorio.sbrauble.com/arquivos/in/magic/480609/67216924c9bb6-cqrvh-ep8q3-a47573e568e5a8d320ab76d2ae0188c6.jpg;não;en;1;R$ 4.50
Lathliss, Dragon Queen;Fondations(FON);https://repositorio.sbrauble.com/arquivos/in/magic/480609/672168ac46fba-bf0mj-jh4na-a47573e568e5a8d320ab76d2ae0188c6.jpg;não;en;1;R$ 24.00
Rampaging Baloths;Fondations(FON);https://repositorio.sbrauble.com/arquivos/in/magic/480609/67216901efb1e-0xky6-7vmbz-a47573e568e5a8d320ab76d2ae0188c6.jpg;não;en;1;R$ 2.50
Halana and Alena, Partners;Fondations(FON);https://repositorio.sbrauble.com/arquivos/in/magic/480609/67200022b37bb-g7efs-438i6-a47573e568e5a8d320ab76d2ae0188c6.jpg;não;en;1;R$ 5.40
Drogskol Reaver;Fondations(FON);https://repositorio.sbrauble.com/arquivos/in/magic/480609/67216868b79c9-16fds-ldwt1-a47573e568e5a8d320ab76d2ae0188c6.jpg;não;en;1;R$ 2.40
Arcanis the Omnipotent;Fondations(FON);https://repositorio.sbrauble.com/arquivos/in/magic/480609/6721682d054bd-yqr1i-9htv2-a47573e568e5a8d320ab76d2ae0188c6.jpg;não;en;1;R$ 2.90
River's Rebuke;Fondations(FON);https://repositorio.sbrauble.com/arquivos/in/magic/480609/6721690d00057-ai83h-2csw3-a47573e568e5a8d320ab76d2ae0188c6.jpg;não;en;1;R$ 3.75
Rune-Scarred Demon;Fondations(FON);https://repositorio.sbrauble.com/arquivos/in/magic/480601/6725460aea711-0cr1u-k1gs8-f470ea843f79786b646179a35f39cf66.jpg;não;en;1;R$ 1.95
Wilt-Leaf Liege;Fondations(FON);https://repositorio.sbrauble.com/arquivos/in/magic/480609/672169405d505-kcpoz-8wxok-a47573e568e5a8d320ab76d2ae0188c6.jpg;não;en;1;R$ 2.00
Basilisk Collar;Fondations(FON);https://repositorio.sbrauble.com/arquivos/in/magic/480609/67216838ed258-7jb9e-gv381-a47573e568e5a8d320ab76d2ae0188c6.jpg;não;en;1;R$ 6.50
Wishclaw Talisman;Fondations(FON);https://repositorio.sbrauble.com/arquivos/in/magic/480609/6721694225a25-ktoiy-mnwz1-a47573e568e5a8d320ab76d2ae0188c6.jpg;não;en;1;R$ 14.90
Regal Caracal;Fondations(FON);https://repositorio.sbrauble.com/arquivos/in/magic/480609/67216907b10e8-axmui-gcs7z-a47573e568e5a8d320ab76d2ae0188c6.jpg;não;en;1;R$ 1.90
Fumigate;Fondations(FON);https://repositorio.sbrauble.com/arquivos/in/magic/480609/6721687f67f00-5ja8o-89clt-a47573e568e5a8d320ab76d2ae0188c6.jpg;não;en;1;R$ 2.25
Charming Prince;Fondations(FON);https://repositorio.sbrauble.com/arquivos/in/magic/480609/6721684077609-da7pq-1k8mb-a47573e568e5a8d320ab76d2ae0188c6.jpg;não;en;1;R$ 4.75
Thrun, Breaker of Silence;Phyrexia: All Will Be One(ONE);https://repositorio.sbrauble.com/arquivos/in/magic/480158/63d3ad942276c-5zqno-3r0np-157479869363d3ad94227ba.jpg;não;en;1;R$ 2.25
Werewolf Pack Leader;Adventures in the Forgotten Realms (AFR);https://repositorio.sbrauble.com/arquivos/in/magic/479855/60dc94554707b-gmf80-cbwdt-114486705760dc9455470c5.jpg;não;en;1;R$ 10.00
Jaheira, Friend of the Forest;Commander Legends(CLB);https://repositorio.sbrauble.com/arquivos/in/magic/479911/628cbb5fa4def-bcos9-3idco-1811780430628cbb5fa4e32.jpg;não;en;2;R$ 21.75
Nadaar, Selfless Paladin;Adventures in the Forgotten Realms (AFR);https://repositorio.sbrauble.com/arquivos/in/magic/479855/60d4a46f8614d-avugo-mk2ws-159496864460d4a46f86198.jpg;não;en;1;R$ 2.20
Wizards of Thay;Commander Legends(CLB);https://repositorio.sbrauble.com/arquivos/in/magic/479911/62866b64c5223-uqtl6-civae-190474332362866b64c5265.jpg;não;en;1;R$ 1.50
Glorious Sunrise;Innistrad Crimson Vow (VOW);https://repositorio.sbrauble.com/arquivos/in/magic/479876/6182cf5a37d53-sd0ag-2zrx9-17338919266182cf5a37d9e.jpg;não;pt;1;R$ 2.75
Topiary Stomper;Streets of New Capenna(SNC);https://repositorio.sbrauble.com/arquivos/in/magic/479899/6255cdf176475-qouy3-lnskv-18181320346255cdf1764bb.jpg;não;pt;1;R$ 5.40
Orb of Dragonkind;Adventures in the Forgotten Realms (AFR);https://repositorio.sbrauble.com/arquivos/in/magic/479855/60dc954ef3f02-poauf-zd84u-204859665160dc954ef3f68.jpg;não;en;1;R$ 7.12
